# misc.oq - Miscellaneous queries
#
# Licensed to the Apache Software Foundation (ASF) under one or more
# contributor license agreements.  See the NOTICE file distributed with
# this work for additional information regarding copyright ownership.
# The ASF licenses this file to you under the Apache License, Version 2.0
# (the "License"); you may not use this file except in compliance with
# the License.  You may obtain a copy of the License at
#
# http://www.apache.org/licenses/LICENSE-2.0
#
# Unless required by applicable law or agreed to in writing, software
# distributed under the License is distributed on an "AS IS" BASIS,
# WITHOUT WARRANTIES OR CONDITIONS OF ANY KIND, either express or implied.
# See the License for the specific language governing permissions and
# limitations under the License.
#
!use post
!set outputformat mysql

# OPTIQ-307 CAST(timestamp AS DATE) gives ClassCastException
# Based on DRILL-1051
!if (false) {
with data(c_row, c_timestamp) as (select * from (values
    (1, TIMESTAMP '1997-01-02 03:04:05'),
    (2, TIMESTAMP '1997-01-02 00:00:00'),
    (3, TIMESTAMP '2001-09-22 18:19:20'),
    (4, TIMESTAMP '1997-02-10 17:32:01'),
    (5, TIMESTAMP '1997-02-10 17:32:00'),
    (6, TIMESTAMP '1997-02-11 17:32:01'),
    (7, TIMESTAMP '1997-02-12 17:32:01'),
    (8, TIMESTAMP '1997-02-13 17:32:01'),
    (9, TIMESTAMP '1997-02-14 17:32:01'),
    (10, TIMESTAMP '1997-02-15 17:32:01'),
    (11, TIMESTAMP '1997-02-16 17:32:01'),
    (13, TIMESTAMP '0097-02-16 17:32:01'),
    (14, TIMESTAMP '0597-02-16 17:32:01'),
    (15, TIMESTAMP '1097-02-16 17:32:01'),
    (16, TIMESTAMP '1697-02-16 17:32:01'),
    (17, TIMESTAMP '1797-02-16 17:32:01'),
    (18, TIMESTAMP '1897-02-16 17:32:01'),
    (19, TIMESTAMP '1997-02-16 17:32:01'),
    (20, TIMESTAMP '2097-02-16 17:32:01'),
    (21, TIMESTAMP '1996-02-28 17:32:01'),
    (22, TIMESTAMP '1996-02-29 17:32:01'),
    (23, TIMESTAMP '1996-03-01 17:32:01')))
select cast(c_timestamp as varchar(20)), cast(c_timestamp as date) from data where c_row <> 12;

+------------+------------+
|   EXPR$0   |   EXPR$1   |
+------------+------------+
| 1997-01-02 03:04:05 | 1997-01-02 |
| 1997-01-02 00:00:00 | 1997-01-02 |
| 2001-09-22 18:19:20 | 2001-09-22 |
| 1997-02-10 17:32:01 | 1997-02-10 |
| 1997-02-10 17:32:00 | 1997-02-10 |
| 1997-02-11 17:32:01 | 1997-02-11 |
| 1997-02-12 17:32:01 | 1997-02-12 |
| 1997-02-13 17:32:01 | 1997-02-13 |
| 1997-02-14 17:32:01 | 1997-02-14 |
| 1997-02-15 17:32:01 | 1997-02-15 |
| 1997-02-16 17:32:01 | 1997-02-16 |
| 0097-02-16 17:32:01 | 0097-02-17 |
| 0597-02-16 17:32:01 | 0597-02-13 |
| 1097-02-16 17:32:01 | 1097-02-09 |
| 1697-02-16 17:32:01 | 1697-02-15 |
| 1797-02-16 17:32:01 | 1797-02-15 |
| 1897-02-16 17:32:01 | 1897-02-16 |
| 1997-02-16 17:32:01 | 1997-02-16 |
| 2097-02-16 17:32:01 | 2097-02-16 |
| 1996-02-28 17:32:01 | 1996-02-28 |
| 1996-02-29 17:32:01 | 1996-02-29 |
| 1996-03-01 17:32:01 | 1996-03-01 |
+------------+------------+
22 rows selected

!ok
!}

# [DRILL-1149]
select *, upper("name")
from "hr"."emps";
+-------+--------+-----------+---------+------------+-----------+
| empid | deptno | name      | salary  | commission | EXPR$5    |
+-------+--------+-----------+---------+------------+-----------+
|   100 |     10 | Bill      | 10000.0 |       1000 | BILL      |
|   110 |     10 | Theodore  | 11500.0 |        250 | THEODORE  |
|   150 |     10 | Sebastian | 7000.0  |            | SEBASTIAN |
|   200 |     20 | Eric      | 8000.0  |        500 | ERIC      |
+-------+--------+-----------+---------+------------+-----------+
(4 rows)

!ok

# [DRILL-1199] Order by nested inside a where clause fails
# (Not that it's right, but Tableau does it.)
select * from (select * from "hr"."emps" order by "empid") where (0=1);
+-------+--------+------+--------+------------+
| empid | deptno | name | salary | commission |
+-------+--------+------+--------+------------+
+-------+--------+------+--------+------------+
(0 rows)

!ok

# [OPTIQ-340] SqlToRelConverter fails with complex join condition
select e."deptno", d."deptno"
from "hr"."emps" as e
join "hr"."depts" as d
on ( e."deptno" + 1 - 1 = d."deptno" + 2 - 2  and e."deptno" + 10 - 10 = d."deptno" + 20 - 20);
+--------+--------+
| deptno | deptno |
+--------+--------+
|     10 |     10 |
|     10 |     10 |
|     10 |     10 |
+--------+--------+
(3 rows)

!ok

# [OPTIQ-340] SqlToRelConverter fails with complex join condition. Switch LHS and RHS.
select e."deptno", d."deptno"
from "hr"."emps" as e
join "hr"."depts" as d
on ( d."deptno" + 2 - 2 = e."deptno" + 1 - 1  and d."deptno" + 20 - 20 = e."deptno" + 10 - 10);
+--------+--------+
| deptno | deptno |
+--------+--------+
|     10 |     10 |
|     10 |     10 |
|     10 |     10 |
+--------+--------+
(3 rows)

!ok

# [OPTIQ-340] SqlToRelConverter fails with complex join condition. Switch LHS and RHS.
select e."deptno", d."deptno"
from "hr"."emps" as e
join "hr"."depts" as d
on ( d."deptno" + 2 - 2 = e."deptno" + 1 - 1  and e."deptno" + 10 - 10 = d."deptno" + 20 - 20);
+--------+--------+
| deptno | deptno |
+--------+--------+
|     10 |     10 |
|     10 |     10 |
|     10 |     10 |
+--------+--------+
(3 rows)

!ok

# [OPTIQ-377] Mixed equi and non-equi join
select e."empid", d."name", e."name"
from "hr"."emps" as e
join "hr"."depts" as d
on e."deptno" = d."deptno"
and e."name" <> d."name";
+-------+-------+-----------+
| empid | name  | name      |
+-------+-------+-----------+
|   100 | Sales | Bill      |
|   110 | Sales | Theodore  |
|   150 | Sales | Sebastian |
+-------+-------+-----------+
(3 rows)

!ok
EnumerableCalcRel(expr#0..4=[{inputs}], expr#5=[CAST($t2):VARCHAR(1) CHARACTER SET "ISO-8859-1" COLLATE "ISO-8859-1$en_US$primary"], expr#6=[CAST($t4):VARCHAR(1) CHARACTER SET "ISO-8859-1" COLLATE "ISO-8859-1$en_US$primary"], expr#7=[<>($t5, $t6)], empid=[$t0], name=[$t4], name0=[$t2], $condition=[$t7])
  EnumerableJoinRel(condition=[=($1, $3)], joinType=[inner])
    EnumerableCalcRel(expr#0..4=[{inputs}], proj#0..2=[{exprs}])
      EnumerableTableAccessRel(table=[[hr, emps]])
    EnumerableCalcRel(expr#0..2=[{inputs}], proj#0..1=[{exprs}])
      EnumerableTableAccessRel(table=[[hr, depts]])
!plan

# Same query, expressed using WHERE.
select e."empid", d."name", e."name"
from "hr"."emps" as e,
  "hr"."depts" as d
where e."deptno" = d."deptno"
and e."name" <> d."name";
+-------+-------+-----------+
| empid | name  | name      |
+-------+-------+-----------+
|   100 | Sales | Bill      |
|   110 | Sales | Theodore  |
|   150 | Sales | Sebastian |
+-------+-------+-----------+
(3 rows)

!ok
EnumerableCalcRel(expr#0..4=[{inputs}], expr#5=[CAST($t2):VARCHAR(1) CHARACTER SET "ISO-8859-1" COLLATE "ISO-8859-1$en_US$primary"], expr#6=[CAST($t4):VARCHAR(1) CHARACTER SET "ISO-8859-1" COLLATE "ISO-8859-1$en_US$primary"], expr#7=[<>($t5, $t6)], empid=[$t0], name=[$t4], name0=[$t2], $condition=[$t7])
  EnumerableJoinRel(condition=[=($1, $3)], joinType=[inner])
    EnumerableCalcRel(expr#0..4=[{inputs}], proj#0..2=[{exprs}])
      EnumerableTableAccessRel(table=[[hr, emps]])
    EnumerableCalcRel(expr#0..2=[{inputs}], proj#0..1=[{exprs}])
      EnumerableTableAccessRel(table=[[hr, depts]])
!plan

# EXISTS
select * from "hr"."emps"
where exists (
  select 1 from "hr"."depts" where "depts"."deptno" = "emps"."deptno");
+-------+--------+-----------+---------+------------+
| empid | deptno | name      | salary  | commission |
+-------+--------+-----------+---------+------------+
|   100 |     10 | Bill      | 10000.0 |       1000 |
|   110 |     10 | Theodore  | 11500.0 |        250 |
|   150 |     10 | Sebastian | 7000.0  |            |
+-------+--------+-----------+---------+------------+
(3 rows)

!ok
EnumerableSemiJoinRel(condition=[=($1, $5)], joinType=[inner])
  EnumerableTableAccessRel(table=[[hr, emps]])
  EnumerableCalcRel(expr#0..3=[{inputs}], expr#4=[true], $f01=[$t0], $f0=[$t4])
    EnumerableJoinRel(condition=[=($0, $1)], joinType=[inner])
      EnumerableAggregateRel(group=[{0}])
        EnumerableCalcRel(expr#0..4=[{inputs}], $f0=[$t1])
          EnumerableTableAccessRel(table=[[hr, emps]])
      EnumerableTableAccessRel(table=[[hr, depts]])
!plan

# NOT EXISTS
# Right results, but it would be better if the plan used EnumerableSemiJoinRel; see [OPTIQ-374]
select * from "hr"."emps"
where not exists (
  select 1 from "hr"."depts" where "depts"."deptno" = "emps"."deptno");
+-------+--------+------+--------+------------+
| empid | deptno | name | salary | commission |
+-------+--------+------+--------+------------+
|   200 |     20 | Eric | 8000.0 |        500 |
+-------+--------+------+--------+------------+
(1 row)

!ok
EnumerableCalcRel(expr#0..6=[{inputs}], expr#7=[IS NOT NULL($t6)], expr#8=[NOT($t7)], proj#0..4=[{exprs}], $condition=[$t8])
  EnumerableJoinRel(condition=[=($1, $5)], joinType=[left])
    EnumerableTableAccessRel(table=[[hr, emps]])
    EnumerableAggregateRel(group=[{0}], agg#0=[MIN($1)])
      EnumerableCalcRel(expr#0..3=[{inputs}], expr#4=[true], $f01=[$t0], $f0=[$t4])
        EnumerableJoinRel(condition=[=($0, $1)], joinType=[inner])
          EnumerableAggregateRel(group=[{0}])
            EnumerableCalcRel(expr#0..4=[{inputs}], $f0=[$t1])
              EnumerableTableAccessRel(table=[[hr, emps]])
          EnumerableTableAccessRel(table=[[hr, depts]])
!plan

# NOT EXISTS .. OR NOT EXISTS
# Right results, but it would be better if the plan used EnumerableSemiJoinRel; see [OPTIQ-374]
select * from "hr"."emps"
where not exists (
  select 1 from "hr"."depts" where "depts"."deptno" = "emps"."deptno")
or not exists (
  select 1 from "hr"."depts" where "depts"."deptno" + 90 = "emps"."empid");

+-------+--------+-----------+---------+------------+
| empid | deptno | name      | salary  | commission |
+-------+--------+-----------+---------+------------+
|   110 |     10 | Theodore  | 11500.0 |        250 |
|   150 |     10 | Sebastian | 7000.0  |            |
|   200 |     20 | Eric      | 8000.0  |        500 |
+-------+--------+-----------+---------+------------+
(3 rows)

!ok
EnumerableCalcRel(expr#0..7=[{inputs}], expr#8=[IS NOT NULL($t5)], expr#9=[NOT($t8)], expr#10=[IS NOT NULL($t7)], expr#11=[NOT($t10)], expr#12=[OR($t9, $t11)], proj#0..4=[{exprs}], $condition=[$t12])
  EnumerableJoinRel(condition=[=($0, $6)], joinType=[left])
    EnumerableCalcRel(expr#0..6=[{inputs}], proj#0..4=[{exprs}], $f0=[$t6])
      EnumerableJoinRel(condition=[=($1, $5)], joinType=[left])
        EnumerableTableAccessRel(table=[[hr, emps]])
        EnumerableAggregateRel(group=[{0}], agg#0=[MIN($1)])
          EnumerableCalcRel(expr#0..3=[{inputs}], expr#4=[true], $f01=[$t0], $f0=[$t4])
            EnumerableJoinRel(condition=[=($0, $1)], joinType=[inner])
              EnumerableAggregateRel(group=[{0}])
                EnumerableCalcRel(expr#0..4=[{inputs}], $f0=[$t1])
                  EnumerableTableAccessRel(table=[[hr, emps]])
              EnumerableTableAccessRel(table=[[hr, depts]])
    EnumerableAggregateRel(group=[{0}], agg#0=[MIN($1)])
      EnumerableCalcRel(expr#0..3=[{inputs}], expr#4=[true], expr#5=[90], expr#6=[+($t1, $t5)], expr#7=[CAST($t0):INTEGER NOT NULL], expr#8=[=($t6, $t7)], $f01=[$t0], $f0=[$t4], $condition=[$t8])
        EnumerableJoinRel(condition=[true], joinType=[inner])
          EnumerableAggregateRel(group=[{0}])
            EnumerableCalcRel(expr#0..4=[{inputs}], $f0=[$t0])
              EnumerableSemiJoinRel(condition=[=($1, $5)], joinType=[inner])
                EnumerableTableAccessRel(table=[[hr, emps]])
                EnumerableCalcRel(expr#0..3=[{inputs}], expr#4=[true], $f01=[$t0], $f0=[$t4])
                  EnumerableJoinRel(condition=[=($0, $1)], joinType=[inner])
                    EnumerableAggregateRel(group=[{0}])
                      EnumerableCalcRel(expr#0..4=[{inputs}], $f0=[$t1])
                        EnumerableTableAccessRel(table=[[hr, emps]])
                    EnumerableTableAccessRel(table=[[hr, depts]])
          EnumerableTableAccessRel(table=[[hr, depts]])
!plan

# Filter combined with an OR filter.
select * from (
  select * from "hr"."emps" as e
  where e."deptno" < 30) as e
where e."deptno" > 10 or e."name" = 'Sebastian';
+-------+--------+-----------+--------+------------+
| empid | deptno | name      | salary | commission |
+-------+--------+-----------+--------+------------+
|   150 |     10 | Sebastian | 7000.0 |            |
|   200 |     20 | Eric      | 8000.0 |        500 |
+-------+--------+-----------+--------+------------+
(2 rows)

!ok

# Filter combined with an AND filter. Test case for
# [OPTIQ-389] MergeFilterRule should flatten AND condition
select * from (
  select * from "hr"."emps" as e
  where e."deptno" < 30) as e
where e."deptno" >= 10 and e."name" = 'Sebastian';
+-------+--------+-----------+--------+------------+
| empid | deptno | name      | salary | commission |
+-------+--------+-----------+--------+------------+
|   150 |     10 | Sebastian | 7000.0 |            |
+-------+--------+-----------+--------+------------+
(1 row)

!ok

# [OPTIQ-393] If no fields are projected from a table, field trimmer should
# project a dummy expression
select 1 from "hr"."emps";
+--------+
| EXPR$0 |
+--------+
|      1 |
|      1 |
|      1 |
|      1 |
+--------+
(4 rows)

!ok
EnumerableCalcRel(expr#0..4=[{inputs}], expr#5=[1], EXPR$0=[$t5])
  EnumerableTableAccessRel(table=[[hr, emps]])
!plan

# [OPTIQ-393] for table scan under join
select count(*) as c from "hr"."emps", "hr"."depts";
+----+
| C  |
+----+
| 12 |
+----+
(1 row)

!ok
EnumerableAggregateRel(group=[{}], C=[COUNT()])
  EnumerableCalcRel(expr#0..1=[{inputs}], expr#2=[0], DUMMY=[$t2])
    EnumerableJoinRel(condition=[true], joinType=[inner])
      EnumerableCalcRel(expr#0..4=[{inputs}], expr#5=[0], DUMMY=[$t5])
        EnumerableTableAccessRel(table=[[hr, emps]])
      EnumerableCalcRel(expr#0..2=[{inputs}], expr#3=[0], DUMMY=[$t3])
        EnumerableTableAccessRel(table=[[hr, depts]])
!plan

# [OPTIQ-345] AssertionError in RexToLixTranslator comparing to date literal
!use catchall
select count(*) as c from "everyTypes" where "sqlDate" = DATE '1970-01-01';
+---+
| C |
+---+
| 1 |
+---+
(1 row)

!ok
select count(*) as c from "everyTypes" where "sqlDate" = DATE '1971-02-03';
+---+
| C |
+---+
| 0 |
+---+
(1 row)

!ok
select count(*) as c from "everyTypes" where "sqlDate" > DATE '1970-01-01';
+---+
| C |
+---+
| 0 |
+---+
(1 row)

!ok
select count(*) as c from "everyTypes" where "sqlTime" = TIME '01:23:45';
+---+
| C |
+---+
| 0 |
+---+
(1 row)

!ok
select count(*) as c from "everyTypes" where "sqlTimestamp" = TIMESTAMP '1970-01-01 01:23:45';
+---+
| C |
+---+
| 0 |
+---+
(1 row)

!ok
select count(*) as c from "everyTypes" where "utilDate" = TIMESTAMP '1970-01-01 01:23:45';
+---+
| C |
+---+
| 0 |
+---+
(1 row)

!ok

# [OPTIQ-346] Add commutative join rule
#
# 3-way join that does not require bushy join.  Best plan is: sales_fact_1997 as
# left-most leaf, then customer (with filter), then product.
!use foodmart
select *
from "sales_fact_1997" as s
  join "customer" as c using ("customer_id")
  join "product" as p using ("product_id")
where c."city" = 'San Francisco';
EnumerableJoinRel(condition=[=($0, $38)], joinType=[inner])
  EnumerableJoinRel(condition=[=($2, $8)], joinType=[inner])
    EnumerableTableAccessRel(table=[[foodmart2, sales_fact_1997]])
    EnumerableCalcRel(expr#0..28=[{inputs}], expr#29=['San Francisco'], expr#30=[=($t9, $t29)], proj#0..28=[{exprs}], $condition=[$t30])
      EnumerableTableAccessRel(table=[[foodmart2, customer]])
  EnumerableTableAccessRel(table=[[foodmart2, product]])
!plan

# 4-way join whose optimal plan requires bushy join.
#
# In the plan, note that filters on customer.city and product_department are
# pushed down. And the plan is a bushy join, with sub-joins (product_class,
# product) and (sales_fact_1997, customer).  However, scan(sales_fact_1997)
# should be left-most leaf, but is not because CommutativeJoinRule is currently
# disabled.
!use foodmart
select *
from "sales_fact_1997" as s
  join "customer" as c using ("customer_id")
  join "product" as p using ("product_id")
  join "product_class" as pc using ("product_class_id")
where c."city" = 'San Francisco'
 and pc."product_department" = 'Snacks';
EnumerableCalcRel(expr#0..56=[{inputs}], $f0=[$t20], $f1=[$t21], $f2=[$t22], $f3=[$t23], $f4=[$t24], $f5=[$t25], $f6=[$t26], $f7=[$t27], $f8=[$t28], $f9=[$t29], $f10=[$t30], $f11=[$t31], $f12=[$t32], $f13=[$t33], $f14=[$t34], $f15=[$t35], $f16=[$t36], $f17=[$t37], $f18=[$t38], $f19=[$t39], $f20=[$t40], $f21=[$t41], $f22=[$t42], $f23=[$t43], $f24=[$t44], $f25=[$t45], $f26=[$t46], $f27=[$t47], $f28=[$t48], $f29=[$t49], $f30=[$t50], $f31=[$t51], $f32=[$t52], $f33=[$t53], $f34=[$t54], $f35=[$t55], $f36=[$t56], $f37=[$t5], $f38=[$t6], $f39=[$t7], $f40=[$t8], $f41=[$t9], $f42=[$t10], $f43=[$t11], $f44=[$t12], $f45=[$t13], $f46=[$t14], $f47=[$t15], $f48=[$t16], $f49=[$t17], $f50=[$t18], $f51=[$t19], $f52=[$t0], $f53=[$t1], $f54=[$t2], $f55=[$t3], $f56=[$t4])
  EnumerableJoinRel(condition=[=($6, $20)], joinType=[inner])
    EnumerableJoinRel(condition=[=($0, $5)], joinType=[inner])
      EnumerableCalcRel(expr#0..4=[{inputs}], expr#5=['Snacks'], expr#6=[=($t3, $t5)], proj#0..4=[{exprs}], $condition=[$t6])
        EnumerableTableAccessRel(table=[[foodmart2, product_class]])
      EnumerableTableAccessRel(table=[[foodmart2, product]])
    EnumerableJoinRel(condition=[=($2, $8)], joinType=[inner])
      EnumerableTableAccessRel(table=[[foodmart2, sales_fact_1997]])
      EnumerableCalcRel(expr#0..28=[{inputs}], expr#29=['San Francisco'], expr#30=[=($t9, $t29)], proj#0..28=[{exprs}], $condition=[$t30])
        EnumerableTableAccessRel(table=[[foodmart2, customer]])
!plan

# Check that when filters are merged, duplicate conditions are eliminated.
select * from (
  select * from "days"
  where "day" = 1)
where "day" = 1;
EnumerableCalcRel(expr#0..1=[{inputs}], expr#2=[1], expr#3=[=($t0, $t2)], proj#0..1=[{exprs}], $condition=[$t3])
  EnumerableTableAccessRel(table=[[foodmart2, days]])
!plan

# [HIVE-5873] Semi-join to count subquery
# [OPTIQ-365] AssertionError while translating query with WITH and correlated sub-query
!if (false) {
with parts (PNum, OrderOnHand)
     as (select * from (values (3, 6), (10, 1), (8, 0)) as t(PNum, OrderOnHand)),
  supply (PNum, Qty)
     as (select * from (values (3, 4), (3, 2), (10, 1)))
select pnum
from parts p
where orderOnHand
     in (select count(*) from supply s
          where s.pnum = p.pnum);
+------+
| PNUM |
+------+
|    8 |
+------+
(1 row)

!ok
!}

# [HIVE-7362]
# Just checking that HAVING-EXISTS works.
with src (key, "value")
  as (select * from (values (1, 'a'), (2, 'z')) as t(key, "value"))
select b.key, count(*) as c
from src b
group by b.key
having exists
  (select a.key
  from src a
  where a.key = b.key and a."value" > 'val_9');
+-----+---+
| KEY | C |
+-----+---+
|   2 | 1 |
+-----+---+
(1 row)

!ok

# [OPTIQ-411] Duplicate aliases
select 1 as a, 2 as a from (values (true));
+---+---+
| A | A |
+---+---+
| 1 | 2 |
+---+---+
(1 row)

!ok

select "day", "day" from "days" where "day" < 3;
+-----+-----+
| day | day |
+-----+-----+
|   1 |   1 |
|   2 |   2 |
+-----+-----+
(2 rows)

!ok

# End misc.oq
